<?xml version="1.0" encoding="UTF-8"?>
<project-private xmlns="http://www.netbeans.org/ns/project-private/1">
    <editor-bookmarks xmlns="http://www.netbeans.org/ns/editor-bookmarks/2" lastBookmarkId="0"/>
    <open-files xmlns="http://www.netbeans.org/ns/projectui-open-files/2">
        <group>
            <file>file:/home/rostanthss/NetBeansProjects/Lab5/src/Lab5/Facade.java</file>
            <file>file:/home/rostanthss/NetBeansProjects/Lab5/src/Lab5/Controler.java</file>
            <file>file:/home/rostanthss/NetBeansProjects/Lab5/src/Lab5/Caixa.java</file>
            <file>file:/home/rostanthss/NetBeansProjects/Lab5/src/Lab5/Cenarios.java</file>
        </group>
    </open-files>
</project-private>
